protocolo,segundo_rel_falha,pacotes,bytes
RIP,-132,0,0
RIP,-131,0,0
RIP,-130,0,0
RIP,-129,0,0
RIP,-128,0,0
RIP,-127,0,0
RIP,-126,0,0
RIP,-125,4,864
RIP,-124,0,0
RIP,-123,0,0
RIP,-122,0,0
RIP,-121,0,0
RIP,-120,0,0
RIP,-119,6,1296
RIP,-118,0,0
RIP,-117,0,0
RIP,-116,0,0
RIP,-115,0,0
RIP,-114,0,0
RIP,-113,0,0
RIP,-112,0,0
RIP,-111,0,0
RIP,-110,0,0
RIP,-109,0,0
RIP,-108,0,0
RIP,-107,0,0
RIP,-106,0,0
RIP,-105,0,0
RIP,-104,0,0
RIP,-103,0,0
RIP,-102,0,0
RIP,-101,0,0
RIP,-100,0,0
RIP,-99,0,0
RIP,-98,0,0
RIP,-97,0,0
RIP,-96,0,0
RIP,-95,2,432
RIP,-94,2,432
RIP,-93,2,432
RIP,-92,4,864
RIP,-91,0,0
RIP,-90,0,0
RIP,-89,0,0
RIP,-88,0,0
RIP,-87,0,0
RIP,-86,0,0
RIP,-85,0,0
RIP,-84,0,0
RIP,-83,0,0
RIP,-82,0,0
RIP,-81,0,0
RIP,-80,0,0
RIP,-79,0,0
RIP,-78,0,0
RIP,-77,0,0
RIP,-76,0,0
RIP,-75,0,0
RIP,-74,0,0
RIP,-73,0,0
RIP,-72,0,0
RIP,-71,2,432
RIP,-70,2,432
RIP,-69,0,0
RIP,-68,0,0
RIP,-67,0,0
RIP,-66,6,1296
RIP,-65,0,0
RIP,-64,0,0
RIP,-63,0,0
RIP,-62,0,0
RIP,-61,0,0
RIP,-60,0,0
RIP,-59,0,0
RIP,-58,0,0
RIP,-57,0,0
RIP,-56,0,0
RIP,-55,0,0
RIP,-54,0,0
RIP,-53,0,0
RIP,-52,0,0
RIP,-51,0,0
RIP,-50,0,0
RIP,-49,0,0
RIP,-48,0,0
RIP,-47,2,432
RIP,-46,0,0
RIP,-45,0,0
RIP,-44,0,0
RIP,-43,0,0
RIP,-42,0,0
RIP,-41,0,0
RIP,-40,0,0
RIP,-39,6,1296
RIP,-38,0,0
RIP,-37,0,0
RIP,-36,2,432
RIP,-35,0,0
RIP,-34,0,0
RIP,-33,0,0
RIP,-32,0,0
RIP,-31,0,0
RIP,-30,0,0
RIP,-29,0,0
RIP,-28,0,0
RIP,-27,0,0
RIP,-26,0,0
RIP,-25,0,0
RIP,-24,0,0
RIP,-23,0,0
RIP,-22,0,0
RIP,-21,0,0
RIP,-20,0,0
RIP,-19,0,0
RIP,-18,0,0
RIP,-17,0,0
RIP,-16,0,0
RIP,-15,2,432
RIP,-14,0,0
RIP,-13,0,0
RIP,-12,0,0
RIP,-11,0,0
RIP,-10,0,0
RIP,-9,6,1296
RIP,-8,0,0
RIP,-7,0,0
RIP,-6,0,0
RIP,-5,0,0
RIP,-4,0,0
RIP,-3,0,0
RIP,-2,2,432
RIP,-1,0,0
RIP,0,0,0
RIP,1,0,0
RIP,2,0,0
RIP,3,0,0
RIP,4,0,0
RIP,5,0,0
RIP,6,0,0
RIP,7,0,0
RIP,8,0,0
RIP,9,0,0
RIP,10,0,0
RIP,11,0,0
RIP,12,0,0
RIP,13,0,0
RIP,14,0,0
RIP,15,2,432
RIP,16,0,0
RIP,17,0,0
RIP,18,2,432
RIP,19,0,0
RIP,20,0,0
RIP,21,0,0
RIP,22,0,0
RIP,23,0,0
RIP,24,0,0
RIP,25,2,452
RIP,26,0,0
RIP,27,0,0
RIP,28,0,0
RIP,29,0,0
RIP,30,0,0
RIP,31,0,0
RIP,32,0,0
RIP,33,2,432
RIP,34,0,0
RIP,35,0,0
RIP,36,0,0
RIP,37,0,0
RIP,38,0,0
RIP,39,0,0
RIP,40,0,0
RIP,41,0,0
RIP,42,2,432
RIP,43,0,0
RIP,44,0,0
RIP,45,0,0
RIP,46,0,0
RIP,47,2,432
RIP,48,0,0
RIP,49,0,0
RIP,50,0,0
RIP,51,0,0
RIP,52,0,0
RIP,53,0,0
RIP,54,0,0
RIP,55,0,0
RIP,56,0,0
RIP,57,0,0
RIP,58,0,0
RIP,59,0,0
RIP,60,2,452
RIP,61,0,0
RIP,62,0,0
RIP,63,0,0
RIP,64,0,0
RIP,65,0,0
RIP,66,0,0
RIP,67,0,0
RIP,68,0,0
RIP,69,2,432
RIP,70,0,0
RIP,71,2,432
RIP,72,0,0
RIP,73,0,0
RIP,74,0,0
RIP,75,0,0
RIP,76,0,0
RIP,77,0,0
RIP,78,0,0
RIP,79,0,0
RIP,80,2,432
RIP,81,0,0
RIP,82,0,0
RIP,83,0,0
RIP,84,0,0
RIP,85,0,0
RIP,86,0,0
RIP,87,0,0
RIP,88,0,0
RIP,89,0,0
RIP,90,0,0
RIP,91,0,0
RIP,92,0,0
RIP,93,0,0
RIP,94,2,432
RIP,95,0,0
RIP,96,2,452
RIP,97,0,0
RIP,98,0,0
RIP,99,0,0
RIP,100,0,0
RIP,101,0,0
RIP,102,0,0
RIP,103,0,0
RIP,104,2,432
RIP,105,0,0
RIP,106,0,0
RIP,107,0,0
RIP,108,0,0
RIP,109,0,0
RIP,110,2,432
RIP,111,0,0
RIP,112,0,0
RIP,113,0,0
RIP,114,0,0
RIP,115,0,0
RIP,116,0,0
RIP,117,0,0
RIP,118,0,0
RIP,119,0,0
RIP,120,0,0
RIP,121,4,884
RIP,122,0,0
RIP,123,0,0
RIP,124,0,0
RIP,125,0,0
RIP,126,0,0
RIP,127,0,0
RIP,128,0,0
RIP,129,0,0
RIP,130,0,0
RIP,131,0,0
RIP,132,0,0
RIP,133,0,0
RIP,134,2,432
RIP,135,0,0
RIP,136,0,0
RIP,137,0,0
RIP,138,0,0
RIP,139,0,0
RIP,140,0,0
RIP,141,0,0
RIP,142,0,0
RIP,143,2,432
RIP,144,0,0
RIP,145,0,0
RIP,146,0,0
RIP,147,0,0
RIP,148,2,452
RIP,149,0,0
RIP,150,0,0
RIP,151,0,0
RIP,152,0,0
RIP,153,0,0
RIP,154,2,432
RIP,155,0,0
RIP,156,0,0
RIP,157,0,0
RIP,158,0,0
RIP,159,0,0
RIP,160,0,0
RIP,161,0,0
RIP,162,0,0
RIP,163,0,0
RIP,164,0,0
RIP,165,0,0
RIP,166,0,0
RIP,167,2,432
RIP,168,0,0
RIP,169,0,0
RIP,170,0,0
RIP,171,4,544
RIP,172,2,432
RIP,173,0,0
RIP,174,0,0
RIP,175,0,0
RIP,176,0,0
RIP,177,0,0
RIP,178,0,0
RIP,179,0,0
RIP,180,2,432
RIP,181,2,332
RIP,182,0,0
RIP,183,0,0
RIP,184,0,0
RIP,185,0,0
RIP,186,0,0
RIP,187,0,0
RIP,188,0,0
RIP,189,0,0
RIP,190,0,0
RIP,191,0,0
RIP,192,0,0
RIP,193,0,0
RIP,194,0,0
RIP,195,0,0
RIP,196,4,644
RIP,197,0,0
RIP,198,0,0
RIP,199,0,0
RIP,200,0,0
RIP,201,0,0
RIP,202,0,0
RIP,203,0,0
RIP,204,0,0
RIP,205,0,0
RIP,206,2,432
RIP,207,0,0
RIP,208,0,0
RIP,209,0,0
RIP,210,0,0
OSPF,-132,0,0
OSPF,-131,0,0
OSPF,-130,0,0
OSPF,-129,21,3090
OSPF,-128,26,3216
OSPF,-127,3,234
OSPF,-126,0,0
OSPF,-125,0,0
OSPF,-124,0,0
OSPF,-123,0,0
OSPF,-122,0,0
OSPF,-121,0,0
OSPF,-120,0,0
OSPF,-119,3,246
OSPF,-118,7,574
OSPF,-117,0,0
OSPF,-116,0,0
OSPF,-115,0,0
OSPF,-114,0,0
OSPF,-113,0,0
OSPF,-112,0,0
OSPF,-111,0,0
OSPF,-110,0,0
OSPF,-109,3,246
OSPF,-108,7,574
OSPF,-107,0,0
OSPF,-106,0,0
OSPF,-105,0,0
OSPF,-104,0,0
OSPF,-103,0,0
OSPF,-102,0,0
OSPF,-101,0,0
OSPF,-100,0,0
OSPF,-99,3,246
OSPF,-98,7,574
OSPF,-97,0,0
OSPF,-96,0,0
OSPF,-95,0,0
OSPF,-94,0,0
OSPF,-93,0,0
OSPF,-92,0,0
OSPF,-91,0,0
OSPF,-90,0,0
OSPF,-89,3,246
OSPF,-88,7,574
OSPF,-87,0,0
OSPF,-86,0,0
OSPF,-85,0,0
OSPF,-84,0,0
OSPF,-83,0,0
OSPF,-82,0,0
OSPF,-81,0,0
OSPF,-80,0,0
OSPF,-79,3,246
OSPF,-78,7,574
OSPF,-77,0,0
OSPF,-76,0,0
OSPF,-75,0,0
OSPF,-74,0,0
OSPF,-73,0,0
OSPF,-72,0,0
OSPF,-71,0,0
OSPF,-70,0,0
OSPF,-69,3,246
OSPF,-68,7,574
OSPF,-67,0,0
OSPF,-66,0,0
OSPF,-65,0,0
OSPF,-64,0,0
OSPF,-63,0,0
OSPF,-62,0,0
OSPF,-61,0,0
OSPF,-60,0,0
OSPF,-59,3,246
OSPF,-58,7,574
OSPF,-57,0,0
OSPF,-56,0,0
OSPF,-55,0,0
OSPF,-54,0,0
OSPF,-53,0,0
OSPF,-52,0,0
OSPF,-51,0,0
OSPF,-50,0,0
OSPF,-49,3,246
OSPF,-48,7,574
OSPF,-47,0,0
OSPF,-46,0,0
OSPF,-45,0,0
OSPF,-44,0,0
OSPF,-43,0,0
OSPF,-42,0,0
OSPF,-41,0,0
OSPF,-40,0,0
OSPF,-39,2,164
OSPF,-38,8,656
OSPF,-37,0,0
OSPF,-36,0,0
OSPF,-35,0,0
OSPF,-34,0,0
OSPF,-33,0,0
OSPF,-32,0,0
OSPF,-31,0,0
OSPF,-30,0,0
OSPF,-29,0,0
OSPF,-28,10,820
OSPF,-27,0,0
OSPF,-26,0,0
OSPF,-25,0,0
OSPF,-24,0,0
OSPF,-23,0,0
OSPF,-22,0,0
OSPF,-21,0,0
OSPF,-20,0,0
OSPF,-19,0,0
OSPF,-18,10,820
OSPF,-17,0,0
OSPF,-16,0,0
OSPF,-15,0,0
OSPF,-14,0,0
OSPF,-13,0,0
OSPF,-12,0,0
OSPF,-11,0,0
OSPF,-10,0,0
OSPF,-9,0,0
OSPF,-8,10,820
OSPF,-7,0,0
OSPF,-6,0,0
OSPF,-5,0,0
OSPF,-4,0,0
OSPF,-3,0,0
OSPF,-2,0,0
OSPF,-1,0,0
OSPF,0,0,0
OSPF,1,0,0
OSPF,2,8,656
OSPF,3,0,0
OSPF,4,0,0
OSPF,5,0,0
OSPF,6,0,0
OSPF,7,0,0
OSPF,8,0,0
OSPF,9,0,0
OSPF,10,0,0
OSPF,11,0,0
OSPF,12,8,656
OSPF,13,0,0
OSPF,14,0,0
OSPF,15,0,0
OSPF,16,0,0
OSPF,17,0,0
OSPF,18,0,0
OSPF,19,0,0
OSPF,20,0,0
OSPF,21,0,0
OSPF,22,8,656
OSPF,23,0,0
OSPF,24,0,0
OSPF,25,0,0
OSPF,26,0,0
OSPF,27,0,0
OSPF,28,0,0
OSPF,29,0,0
OSPF,30,0,0
OSPF,31,0,0
OSPF,32,16,1824
OSPF,33,8,624
OSPF,34,0,0
OSPF,35,0,0
OSPF,36,0,0
OSPF,37,0,0
OSPF,38,0,0
OSPF,39,0,0
OSPF,40,0,0
OSPF,41,0,0
OSPF,42,8,656
OSPF,43,0,0
OSPF,44,0,0
OSPF,45,0,0
BGP,-132,0,0
BGP,-131,0,0
BGP,-130,0,0
BGP,-129,0,0
BGP,-128,0,0
BGP,-127,0,0
BGP,-126,0,0
BGP,-125,0,0
BGP,-124,0,0
BGP,-123,0,0
BGP,-122,0,0
BGP,-121,0,0
BGP,-120,0,0
BGP,-119,0,0
BGP,-118,0,0
BGP,-117,0,0
BGP,-116,0,0
BGP,-115,0,0
BGP,-114,0,0
BGP,-113,0,0
BGP,-112,0,0
BGP,-111,0,0
BGP,-110,0,0
BGP,-109,0,0
BGP,-108,0,0
BGP,-107,0,0
BGP,-106,0,0
BGP,-105,0,0
BGP,-104,0,0
BGP,-103,0,0
BGP,-102,0,0
BGP,-101,0,0
BGP,-100,0,0
BGP,-99,0,0
BGP,-98,0,0
BGP,-97,0,0
BGP,-96,0,0
BGP,-95,19,1444
BGP,-94,0,0
BGP,-93,0,0
BGP,-92,0,0
BGP,-91,0,0
BGP,-90,0,0
BGP,-89,0,0
BGP,-88,0,0
BGP,-87,0,0
BGP,-86,0,0
BGP,-85,0,0
BGP,-84,0,0
BGP,-83,0,0
BGP,-82,0,0
BGP,-81,0,0
BGP,-80,0,0
BGP,-79,0,0
BGP,-78,0,0
BGP,-77,0,0
BGP,-76,0,0
BGP,-75,0,0
BGP,-74,0,0
BGP,-73,0,0
BGP,-72,0,0
BGP,-71,0,0
BGP,-70,0,0
BGP,-69,0,0
BGP,-68,0,0
BGP,-67,0,0
BGP,-66,0,0
BGP,-65,0,0
BGP,-64,0,0
BGP,-63,0,0
BGP,-62,0,0
BGP,-61,0,0
BGP,-60,0,0
BGP,-59,0,0
BGP,-58,0,0
BGP,-57,0,0
BGP,-56,0,0
BGP,-55,0,0
BGP,-54,0,0
BGP,-53,0,0
BGP,-52,0,0
BGP,-51,0,0
BGP,-50,0,0
BGP,-49,0,0
BGP,-48,0,0
BGP,-47,0,0
BGP,-46,0,0
BGP,-45,0,0
BGP,-44,0,0
BGP,-43,0,0
BGP,-42,0,0
BGP,-41,0,0
BGP,-40,0,0
BGP,-39,0,0
BGP,-38,0,0
BGP,-37,0,0
BGP,-36,0,0
BGP,-35,17,1312
BGP,-34,0,0
BGP,-33,0,0
BGP,-32,0,0
BGP,-31,0,0
BGP,-30,0,0
BGP,-29,0,0
BGP,-28,0,0
BGP,-27,0,0
BGP,-26,0,0
BGP,-25,0,0
BGP,-24,0,0
BGP,-23,0,0
BGP,-22,0,0
BGP,-21,0,0
BGP,-20,0,0
BGP,-19,0,0
BGP,-18,0,0
BGP,-17,0,0
BGP,-16,0,0
BGP,-15,0,0
BGP,-14,0,0
BGP,-13,0,0
BGP,-12,0,0
BGP,-11,0,0
BGP,-10,0,0
BGP,-9,0,0
BGP,-8,0,0
BGP,-7,0,0
BGP,-6,0,0
BGP,-5,0,0
BGP,-4,0,0
BGP,-3,0,0
BGP,-2,0,0
BGP,-1,0,0
BGP,0,0,0
BGP,1,0,0
BGP,2,0,0
BGP,3,0,0
BGP,4,0,0
BGP,5,0,0
BGP,6,0,0
BGP,7,0,0
BGP,8,0,0
BGP,9,0,0
BGP,10,0,0
BGP,11,0,0
BGP,12,0,0
BGP,13,0,0
BGP,14,0,0
BGP,15,0,0
BGP,16,0,0
BGP,17,0,0
BGP,18,0,0
BGP,19,0,0
BGP,20,0,0
BGP,21,0,0
BGP,22,0,0
BGP,23,0,0
BGP,24,0,0
BGP,25,13,1010
BGP,26,0,0
BGP,27,0,0
BGP,28,0,0
BGP,29,0,0
BGP,30,0,0
BGP,31,0,0
BGP,32,0,0
BGP,33,0,0
BGP,34,0,0
BGP,35,0,0
BGP,36,0,0
BGP,37,0,0
BGP,38,0,0
BGP,39,0,0
BGP,40,0,0
BGP,41,0,0
BGP,42,0,0
BGP,43,0,0
BGP,44,0,0
BGP,45,0,0
BGP,46,0,0
BGP,47,0,0
BGP,48,0,0
BGP,49,0,0
BGP,50,0,0
BGP,51,0,0
BGP,52,0,0
BGP,53,0,0
BGP,54,0,0
BGP,55,0,0
BGP,56,0,0
BGP,57,0,0
BGP,58,0,0
BGP,59,0,0
BGP,60,0,0
BGP,61,0,0
BGP,62,0,0
BGP,63,0,0
BGP,64,0,0
BGP,65,0,0
BGP,66,0,0
BGP,67,0,0
BGP,68,0,0
BGP,69,0,0
BGP,70,0,0
BGP,71,0,0
BGP,72,0,0
BGP,73,0,0
BGP,74,0,0
BGP,75,0,0
BGP,76,0,0
BGP,77,0,0
BGP,78,0,0
BGP,79,0,0
BGP,80,0,0
BGP,81,0,0
BGP,82,0,0
BGP,83,0,0
BGP,84,0,0
BGP,85,13,1010
BGP,86,0,0
BGP,87,0,0
BGP,88,0,0
BGP,89,0,0
BGP,90,0,0
BGP,91,0,0
BGP,92,0,0
BGP,93,0,0
BGP,94,0,0
BGP,95,0,0
BGP,96,0,0
BGP,97,0,0
BGP,98,0,0
BGP,99,0,0
BGP,100,0,0
BGP,101,0,0
BGP,102,0,0
BGP,103,0,0
BGP,104,0,0
BGP,105,0,0
BGP,106,0,0
BGP,107,0,0
BGP,108,0,0
BGP,109,0,0
BGP,110,0,0
BGP,111,0,0
BGP,112,0,0
BGP,113,0,0
BGP,114,0,0
BGP,115,0,0
BGP,116,0,0
BGP,117,0,0
BGP,118,0,0
BGP,119,0,0
BGP,120,0,0
BGP,121,0,0
BGP,122,0,0
BGP,123,0,0
BGP,124,0,0
BGP,125,0,0
BGP,126,0,0
BGP,127,0,0
BGP,128,0,0
BGP,129,0,0
BGP,130,0,0
BGP,131,0,0
BGP,132,0,0
BGP,133,0,0
BGP,134,0,0
BGP,135,0,0
BGP,136,0,0
BGP,137,0,0
BGP,138,0,0
BGP,139,0,0
BGP,140,0,0
BGP,141,0,0
BGP,142,0,0
BGP,143,0,0
BGP,144,0,0
BGP,145,32,2831
BGP,146,0,0
BGP,147,0,0
BGP,148,0,0
BGP,149,0,0
BGP,150,0,0
BGP,151,0,0
BGP,152,0,0
BGP,153,0,0
BGP,154,0,0
BGP,155,0,0
BGP,156,0,0
BGP,157,11,978
BGP,158,4,882
BGP,159,20,1823
BGP,160,0,0
