protocolo,evento,timestamp,t_rel_falha_s
RIP,deploy,1790441453.379379,-155.212034
RIP,convergido,1790441456.33809,-152.253323
RIP,regime_ini,1790441476.344731,-132.246682
RIP,regime_fim,1790441603.234907,-5.356506
RIP,falha,1790441608.591413,0.0
RIP,recuperado_aprox,1790441808.53439,199.942977
RIP,pos_falha,1790441814.636744,206.045332
RIP,fim,1790441819.344921,210.753508
OSPF,deploy,1790441822.876968,-167.442
OSPF,convergido,1790441837.957012,-152.361956
OSPF,regime_ini,1790441857.96013,-132.358838
OSPF,regime_fim,1790441985.039853,-5.279116
OSPF,falha,1790441990.318968,0.0
OSPF,recuperado_aprox,1790442026.006118,35.687149
OSPF,pos_falha,1790442031.750458,41.43149
OSPF,fim,1790442036.310135,45.991167
BGP,deploy,1790442039.991744,-155.307669
BGP,convergido,1790442042.864639,-152.434774
BGP,regime_ini,1790442062.868503,-132.43091
BGP,regime_fim,1790442189.958259,-5.341154
BGP,falha,1790442195.299413,0.0
BGP,recuperado_aprox,1790442344.891855,149.592443
BGP,pos_falha,1790442350.855552,155.556139
BGP,fim,1790442355.436056,160.136643
