protocolo,roteador,timestamp,t_rel_falha_s,bytes
RIP,r1,1790441454.781092,-153.810321,166
RIP,r1,1790441454.793166,-153.798247,166
RIP,r1,1790441455.809569,-152.781844,206
RIP,r1,1790441455.821204,-152.770209,106
RIP,r1,1790441457.805551,-150.785861,86
RIP,r1,1790441483.783815,-124.807598,226
RIP,r1,1790441483.795379,-124.796034,206
RIP,r1,1790441516.784752,-91.806661,226
RIP,r1,1790441516.797193,-91.794219,206
RIP,r1,1790441542.785057,-65.806355,226
RIP,r1,1790441542.796255,-65.795157,206
RIP,r1,1790441569.791169,-38.800244,226
RIP,r1,1790441569.803617,-38.787796,206
RIP,r1,1790441599.796949,-8.794464,226
RIP,r1,1790441599.808106,-8.783307,206
RIP,r1,1790441633.798373,25.20696,226
RIP,r1,1790441668.804525,60.213112,226
RIP,r1,1790441704.807847,96.216434,226
RIP,r1,1790441729.810173,121.21876,226
RIP,r1,1790441756.819086,148.227674,226
RIP,r1,1790441779.81783,171.226418,166
RIP,r1,1790441789.826301,181.234889,166
RIP,r2,1790441454.343926,-154.247487,106
RIP,r2,1790441454.66802,-153.923393,106
RIP,r2,1790441454.668076,-153.923337,106
RIP,r2,1790441454.781716,-153.809696,86
RIP,r2,1790441454.781792,-153.809621,206
RIP,r2,1790441457.790489,-150.800924,146
RIP,r2,1790441489.672297,-118.919116,206
RIP,r2,1790441489.672552,-118.91886,226
RIP,r2,1790441515.677757,-92.913656,206
RIP,r2,1790441515.67842,-92.912992,226
RIP,r2,1790441542.680731,-65.910681,206
RIP,r2,1790441542.681274,-65.910139,226
RIP,r2,1790441572.687239,-35.904174,206
RIP,r2,1790441572.687571,-35.903841,226
RIP,r2,1790441606.69492,-1.896492,206
RIP,r2,1790441606.695633,-1.89578,226
RIP,r2,1790441641.700903,33.10949,206
RIP,r2,1790441641.701383,33.109971,226
RIP,r2,1790441677.711828,69.120415,206
RIP,r2,1790441677.712183,69.12077,226
RIP,r2,1790441702.721475,94.130062,206
RIP,r2,1790441702.721906,94.130493,226
RIP,r2,1790441729.724497,121.133085,206
RIP,r2,1790441729.724746,121.133333,226
RIP,r2,1790441762.737058,154.145645,206
RIP,r2,1790441762.73732,154.145907,226
RIP,r2,1790441779.821227,171.229815,106
RIP,r2,1790441788.739429,180.148016,206
RIP,r2,1790441788.741026,180.149613,226
RIP,r2,1790441805.456708,196.865295,106
RIP,r3,1790441454.289108,-154.302305,106
RIP,r3,1790441454.77605,-153.815362,106
RIP,r3,1790441454.776066,-153.815346,106
RIP,r3,1790441454.805214,-153.786199,166
RIP,r3,1790441455.808511,-152.782902,146
RIP,r3,1790441483.777418,-124.813995,206
RIP,r3,1790441483.777504,-124.813909,226
RIP,r3,1790441516.784158,-91.807255,206
RIP,r3,1790441516.784225,-91.807188,226
RIP,r3,1790441542.786566,-65.804847,206
RIP,r3,1790441542.786589,-65.804824,226
RIP,r3,1790441569.795325,-38.796088,206
RIP,r3,1790441569.795379,-38.796034,226
RIP,r3,1790441599.80303,-8.788383,206
RIP,r3,1790441599.803151,-8.788262,226
RIP,r3,1790441633.809616,25.218204,226
RIP,r3,1790441668.810865,60.219452,226
RIP,r3,1790441704.817546,96.226133,226
RIP,r3,1790441729.81932,121.227907,226
RIP,r3,1790441756.832263,148.24085,226
RIP,r3,1790441779.82822,171.236807,166
RIP,r3,1790441789.838181,181.246768,166
RIP,r4,1790441455.248646,-153.342767,286
RIP,r4,1790441455.25968,-153.331733,106
RIP,r4,1790441455.347033,-153.24438,206
RIP,r4,1790441455.357487,-153.233926,186
RIP,r4,1790441490.252219,-118.339194,226
RIP,r4,1790441490.263504,-118.327909,206
RIP,r4,1790441515.255913,-93.3355,226
RIP,r4,1790441515.267571,-93.323842,206
RIP,r4,1790441538.258904,-70.332509,226
RIP,r4,1790441538.270974,-70.320439,206
RIP,r4,1790441570.264212,-38.327201,226
RIP,r4,1790441570.275135,-38.316278,206
RIP,r4,1790441600.265505,-8.325907,226
RIP,r4,1790441600.27684,-8.314573,206
RIP,r4,1790441627.272109,18.680696,226
RIP,r4,1790441627.283546,18.692133,206
RIP,r4,1790441656.281049,47.689636,226
RIP,r4,1790441656.292749,47.701336,206
RIP,r4,1790441689.289184,80.697772,226
RIP,r4,1790441689.300011,80.708598,206
RIP,r4,1790441719.296807,110.705395,226
RIP,r4,1790441719.307546,110.716133,206
RIP,r4,1790441752.305324,143.713912,226
RIP,r4,1790441752.319276,143.727864,206
RIP,r4,1790441779.829549,171.238137,106
RIP,r4,1790441781.311092,172.719679,226
RIP,r4,1790441781.322896,172.731483,206
RIP,r4,1790441805.470344,196.878932,106
RIP,r4,1790441815.31223,206.720818,166
RIP,r4,1790441815.325294,206.733881,266
RIP,r5,1790441455.346459,-153.244954,206
RIP,r5,1790441455.346548,-153.244864,226
RIP,r5,1790441490.352195,-118.239218,206
RIP,r5,1790441490.352652,-118.23876,226
RIP,r5,1790441514.359053,-94.23236,206
RIP,r5,1790441514.359565,-94.231848,226
RIP,r5,1790441539.368705,-69.222708,206
RIP,r5,1790441539.368851,-69.222562,226
RIP,r5,1790441562.376416,-46.214997,206
RIP,r5,1790441562.377229,-46.214184,226
RIP,r5,1790441594.394976,-14.196437,206
RIP,r5,1790441594.398257,-14.193156,226
RIP,r5,1790441624.401559,15.810147,206
RIP,r5,1790441624.40205,15.810637,226
RIP,r5,1790441651.406238,42.814826,206
RIP,r5,1790441651.407168,42.815755,226
RIP,r5,1790441680.414617,71.823205,206
RIP,r5,1790441680.415744,71.824332,226
RIP,r5,1790441713.427374,104.835961,206
RIP,r5,1790441713.427816,104.836403,226
RIP,r5,1790441743.438639,134.847226,206
RIP,r5,1790441743.438947,134.847534,226
RIP,r5,1790441776.448975,167.857563,206
RIP,r5,1790441776.449462,167.858049,226
RIP,r5,1790441805.455472,196.864059,206
RIP,r5,1790441805.455713,196.8643,226
OSPF,r1,1790441832.286293,-158.032675,66
OSPF,r1,1790441832.288076,-158.030892,86
OSPF,r1,1790441832.28933,-158.029638,66
OSPF,r1,1790441832.289375,-158.029593,70
OSPF,r1,1790441832.289395,-158.029573,134
OSPF,r1,1790441832.290712,-158.028256,146
OSPF,r1,1790441832.328059,-157.990909,66
OSPF,r1,1790441832.352721,-157.966247,126
OSPF,r1,1790441832.378064,-157.940904,66
OSPF,r1,1790441832.378075,-157.940893,70
OSPF,r1,1790441832.378076,-157.940892,290
OSPF,r1,1790441832.391375,-157.927593,134
OSPF,r1,1790441832.391478,-157.92749,158
OSPF,r1,1790441832.402998,-157.91597,158
OSPF,r1,1790441832.443194,-157.875774,82
OSPF,r1,1790441832.456314,-157.862654,82
OSPF,r1,1790441832.529975,-157.788993,134
OSPF,r1,1790441833.300037,-157.018931,118
OSPF,r1,1790441833.40437,-156.914598,78
OSPF,r1,1790441837.313023,-153.005945,158
OSPF,r1,1790441837.395599,-152.923369,158
OSPF,r1,1790441837.406245,-152.912723,158
OSPF,r1,1790441837.433985,-152.884983,254
OSPF,r1,1790441837.534712,-152.784256,158
OSPF,r1,1790441838.310337,-152.008631,138
OSPF,r1,1790441842.434552,-147.884416,158
OSPF,r1,1790441842.445981,-147.872987,82
OSPF,r1,1790441842.458031,-147.860937,82
OSPF,r1,1790441842.536504,-147.782464,158
OSPF,r1,1790441842.554466,-147.764502,158
OSPF,r1,1790441852.446926,-137.872042,82
OSPF,r1,1790441852.457687,-137.861281,82
OSPF,r1,1790441862.301359,-128.017609,158
OSPF,r1,1790441862.304453,-128.014515,158
OSPF,r1,1790441862.31657,-128.002398,158
OSPF,r1,1790441862.44795,-127.871018,82
OSPF,r1,1790441862.459285,-127.859683,82
OSPF,r1,1790441862.516646,-127.802322,158
OSPF,r1,1790441862.528556,-127.790412,158
OSPF,r1,1790441862.695592,-127.623376,158
OSPF,r1,1790441863.289409,-127.029559,118
OSPF,r1,1790441863.330487,-126.988481,78
OSPF,r1,1790441872.448279,-117.870689,82
OSPF,r1,1790441872.460485,-117.858483,82
OSPF,r1,1790441882.451333,-107.867635,82
OSPF,r1,1790441882.463112,-107.855856,82
OSPF,r1,1790441892.452244,-97.866724,82
OSPF,r1,1790441892.463539,-97.855429,82
OSPF,r1,1790441902.453435,-87.865533,82
OSPF,r1,1790441902.465411,-87.853557,82
OSPF,r1,1790441912.455219,-77.863749,82
OSPF,r1,1790441912.466805,-77.852163,82
OSPF,r1,1790441922.457127,-67.861841,82
OSPF,r1,1790441922.468545,-67.850423,82
OSPF,r1,1790441932.459928,-57.85904,82
OSPF,r1,1790441932.471616,-57.847352,82
OSPF,r1,1790441942.461443,-47.857525,82
OSPF,r1,1790441942.47295,-47.846018,82
OSPF,r1,1790441952.464929,-37.854039,82
OSPF,r1,1790441952.476639,-37.842329,82
OSPF,r1,1790441962.467251,-27.851717,82
OSPF,r1,1790441962.478492,-27.840476,82
OSPF,r1,1790441972.469116,-17.849852,82
OSPF,r1,1790441972.480499,-17.838469,82
OSPF,r1,1790441982.470731,-7.848237,82
OSPF,r1,1790441982.48293,-7.836038,82
OSPF,r1,1790441992.483503,2.164535,82
OSPF,r1,1790442002.485709,12.166741,82
OSPF,r1,1790442012.488634,22.169666,82
OSPF,r1,1790442022.357305,32.038337,146
OSPF,r1,1790442022.489006,32.170038,82
OSPF,r1,1790442023.511718,33.19275,78
OSPF,r1,1790442032.493341,42.174373,82
OSPF,r2,1790441832.284263,-158.034705,82
OSPF,r2,1790441832.284617,-158.034351,82
OSPF,r2,1790441832.286651,-158.032317,66
OSPF,r2,1790441832.288264,-158.030704,66
OSPF,r2,1790441832.288308,-158.03066,86
OSPF,r2,1790441832.288365,-158.030603,86
OSPF,r2,1790441832.288508,-158.03046,70
OSPF,r2,1790441832.290064,-158.028904,66
OSPF,r2,1790441832.290162,-158.028806,218
OSPF,r2,1790441832.290185,-158.028783,70
OSPF,r2,1790441832.290781,-158.028187,290
OSPF,r2,1790441832.291478,-158.02749,134
OSPF,r2,1790441832.2915,-158.027468,158
OSPF,r2,1790441832.291627,-158.027341,158
OSPF,r2,1790441832.391778,-157.92719,134
OSPF,r2,1790441832.518726,-157.800242,134
OSPF,r2,1790441833.300042,-157.018926,98
OSPF,r2,1790441833.300076,-157.018892,98
OSPF,r2,1790441837.298844,-153.020124,158
OSPF,r2,1790441837.300897,-153.018071,158
OSPF,r2,1790441837.396158,-152.92281,158
OSPF,r2,1790441837.422359,-152.896609,254
OSPF,r2,1790441837.520751,-152.798217,158
OSPF,r2,1790441838.4029,-151.916068,78
OSPF,r2,1790441838.422721,-151.896247,118
OSPF,r2,1790441842.290695,-148.028273,82
OSPF,r2,1790441842.29195,-148.027018,82
OSPF,r2,1790441852.290199,-138.028769,82
OSPF,r2,1790441852.290599,-138.028369,82
OSPF,r2,1790441862.286392,-128.032576,158
OSPF,r2,1790441862.286705,-128.032263,158
OSPF,r2,1790441862.292255,-128.026713,82
OSPF,r2,1790441862.293957,-128.025011,82
OSPF,r2,1790441862.294229,-128.024739,158
OSPF,r2,1790441862.316714,-128.002254,158
OSPF,r2,1790441862.517318,-127.80165,158
OSPF,r2,1790441862.684823,-127.634145,158
OSPF,r2,1790441863.294734,-127.024234,98
OSPF,r2,1790441863.318599,-127.000369,98
OSPF,r2,1790441872.293265,-118.025703,82
OSPF,r2,1790441872.293448,-118.02552,82
OSPF,r2,1790441882.294065,-108.024903,82
OSPF,r2,1790441882.294283,-108.024685,82
OSPF,r2,1790441892.297976,-98.020992,82
OSPF,r2,1790441892.298378,-98.02059,82
OSPF,r2,1790441902.304106,-88.014862,82
OSPF,r2,1790441902.304609,-88.014359,82
OSPF,r2,1790441912.306567,-78.012401,82
OSPF,r2,1790441912.307082,-78.011886,82
OSPF,r2,1790441922.309319,-68.009649,82
OSPF,r2,1790441922.309452,-68.009516,82
OSPF,r2,1790441932.311165,-58.007803,82
OSPF,r2,1790441932.311337,-58.007631,82
OSPF,r2,1790441942.314414,-48.004554,82
OSPF,r2,1790441942.314797,-48.004171,82
OSPF,r2,1790441952.318362,-38.000606,82
OSPF,r2,1790441952.318981,-37.999987,82
OSPF,r2,1790441962.32426,-27.994708,82
OSPF,r2,1790441962.324622,-27.994346,82
OSPF,r2,1790441972.326706,-17.992262,82
OSPF,r2,1790441972.326991,-17.991977,82
OSPF,r2,1790441982.326735,-7.992233,82
OSPF,r2,1790441982.326827,-7.992141,82
OSPF,r2,1790441992.329056,2.010088,82
OSPF,r2,1790442002.330579,12.011611,82
OSPF,r2,1790442012.333374,22.014406,82
OSPF,r2,1790442022.337634,32.018666,82
OSPF,r2,1790442022.47466,32.155692,146
OSPF,r2,1790442023.380429,33.061461,78
OSPF,r2,1790442032.337567,42.018599,82
OSPF,r3,1790441832.317094,-158.001874,82
OSPF,r3,1790441832.340821,-157.978147,66
OSPF,r3,1790441832.367577,-157.951391,86
OSPF,r3,1790441832.367591,-157.951377,94
OSPF,r3,1790441832.390935,-157.928033,218
OSPF,r3,1790441832.485712,-157.833256,82
OSPF,r3,1790441832.509205,-157.809763,66
OSPF,r3,1790441832.509222,-157.809746,146
OSPF,r3,1790441832.531512,-157.787456,66
OSPF,r3,1790441832.531517,-157.787451,70
OSPF,r3,1790441832.531517,-157.787451,374
OSPF,r3,1790441832.541372,-157.777596,146
OSPF,r3,1790441832.541385,-157.777583,158
OSPF,r3,1790441832.541389,-157.777579,158
OSPF,r3,1790441832.552268,-157.7667,78
OSPF,r3,1790441833.401909,-156.917059,118
OSPF,r3,1790441833.543001,-156.775967,78
OSPF,r3,1790441837.325307,-152.993661,158
OSPF,r3,1790441837.421156,-152.897812,158
OSPF,r3,1790441837.421172,-152.897796,158
OSPF,r3,1790441837.446772,-152.872196,158
OSPF,r3,1790441837.544168,-152.7748,146
OSPF,r3,1790441837.544539,-152.774429,158
OSPF,r3,1790441838.326084,-151.992884,118
OSPF,r3,1790441838.419202,-151.899766,78
OSPF,r3,1790441842.320449,-147.998519,82
OSPF,r3,1790441842.446511,-147.872457,78
OSPF,r3,1790441842.49103,-147.827938,82
OSPF,r3,1790441842.542529,-147.776439,146
OSPF,r3,1790441842.548524,-147.770444,158
OSPF,r3,1790441842.566146,-147.752822,78
OSPF,r3,1790441843.548704,-146.770264,78
OSPF,r3,1790441852.321874,-137.997094,82
OSPF,r3,1790441852.490706,-137.828262,82
OSPF,r3,1790441862.31356,-128.005408,158
OSPF,r3,1790441862.31634,-128.002628,158
OSPF,r3,1790441862.316362,-128.002606,158
OSPF,r3,1790441862.316364,-128.002604,158
OSPF,r3,1790441862.325476,-127.993492,82
OSPF,r3,1790441862.494023,-127.824945,82
OSPF,r3,1790441862.540466,-127.778502,158
OSPF,r3,1790441862.707983,-127.610985,158
OSPF,r3,1790441863.315311,-127.003657,118
OSPF,r3,1790441863.7115,-126.607468,78
OSPF,r3,1790441872.328934,-117.990034,82
OSPF,r3,1790441872.496524,-117.822444,82
OSPF,r3,1790441882.329348,-107.98962,82
OSPF,r3,1790441882.502678,-107.81629,82
OSPF,r3,1790441892.331962,-97.987006,82
OSPF,r3,1790441892.502644,-97.816324,82
OSPF,r3,1790441902.331141,-87.987827,82
OSPF,r3,1790441902.503598,-87.81537,82
OSPF,r3,1790441912.333494,-77.985474,82
OSPF,r3,1790441912.50749,-77.811478,82
OSPF,r3,1790441922.334644,-67.984324,82
OSPF,r3,1790441922.510668,-67.8083,82
OSPF,r3,1790441932.33651,-57.982458,82
OSPF,r3,1790441932.515485,-57.803483,82
OSPF,r3,1790441942.337614,-47.981354,82
OSPF,r3,1790441942.516436,-47.802532,82
OSPF,r3,1790441952.339651,-37.979317,82
OSPF,r3,1790441952.5193,-37.799668,82
OSPF,r3,1790441962.340591,-27.978377,82
OSPF,r3,1790441962.521853,-27.797115,82
OSPF,r3,1790441972.339476,-17.979492,82
OSPF,r3,1790441972.527138,-17.79183,82
OSPF,r3,1790441982.343898,-7.97507,82
OSPF,r3,1790441982.53154,-7.787428,82
OSPF,r3,1790441992.345229,2.026261,82
OSPF,r3,1790441992.532458,2.21349,82
OSPF,r3,1790442002.347208,12.02824,82
OSPF,r3,1790442002.535895,12.216927,82
OSPF,r3,1790442012.34814,22.029172,82
OSPF,r3,1790442012.539424,22.220456,82
OSPF,r3,1790442022.347796,32.028828,82
OSPF,r3,1790442022.370789,32.051821,146
OSPF,r3,1790442022.497582,32.178614,146
OSPF,r3,1790442022.542579,32.223611,82
OSPF,r3,1790442023.376531,33.057563,78
OSPF,r3,1790442023.500332,33.181364,78
OSPF,r3,1790442032.349952,42.030984,82
OSPF,r3,1790442032.542495,42.223527,82
OSPF,r4,1790441832.497913,-157.821055,66
OSPF,r4,1790441832.516376,-157.802592,66
OSPF,r4,1790441832.516982,-157.801986,86
OSPF,r4,1790441832.517435,-157.801533,66
OSPF,r4,1790441832.517511,-157.801457,106
OSPF,r4,1790441832.517627,-157.801341,134
OSPF,r4,1790441832.518161,-157.800807,146
OSPF,r4,1790441832.520161,-157.798807,86
OSPF,r4,1790441832.520173,-157.798795,106
OSPF,r4,1790441832.52996,-157.789008,146
OSPF,r4,1790441832.529971,-157.788997,146
OSPF,r4,1790441832.541731,-157.777237,146
OSPF,r4,1790441832.541735,-157.777233,78
OSPF,r4,1790441832.686691,-157.632277,82
OSPF,r4,1790441832.699488,-157.61948,82
OSPF,r4,1790441833.522605,-156.796363,138
OSPF,r4,1790441837.312907,-153.006061,158
OSPF,r4,1790441837.406933,-152.912035,70
OSPF,r4,1790441837.406939,-152.912029,158
OSPF,r4,1790441837.421724,-152.897244,254
OSPF,r4,1790441837.43397,-152.884998,158
OSPF,r4,1790441837.530701,-152.788267,242
OSPF,r4,1790441837.557274,-152.761694,78
OSPF,r4,1790441838.310381,-152.008587,118
OSPF,r4,1790441838.434913,-151.884055,78
OSPF,r4,1790441842.534029,-147.784939,158
OSPF,r4,1790441842.689294,-147.629674,82
OSPF,r4,1790441842.700549,-147.618419,82
OSPF,r4,1790441852.69081,-137.628158,82
OSPF,r4,1790441852.701346,-137.617622,82
OSPF,r4,1790441862.304195,-128.014773,158
OSPF,r4,1790441862.307504,-128.011464,158
OSPF,r4,1790441862.316557,-128.002411,158
OSPF,r4,1790441862.528555,-127.790413,158
OSPF,r4,1790441862.684276,-127.634692,158
OSPF,r4,1790441862.692631,-127.626337,82
OSPF,r4,1790441862.695428,-127.62354,158
OSPF,r4,1790441862.704507,-127.614461,82
OSPF,r4,1790441863.294782,-127.024186,118
OSPF,r4,1790441863.330464,-126.988504,78
OSPF,r4,1790441872.695075,-117.623893,82
OSPF,r4,1790441872.707494,-117.611474,82
OSPF,r4,1790441882.698142,-107.620826,82
OSPF,r4,1790441882.7097,-107.609268,82
OSPF,r4,1790441892.701854,-97.617114,82
OSPF,r4,1790441892.713134,-97.605834,82
OSPF,r4,1790441902.702587,-87.616381,82
OSPF,r4,1790441902.713968,-87.605,82
OSPF,r4,1790441912.703217,-77.615751,82
OSPF,r4,1790441912.714007,-77.604961,82
OSPF,r4,1790441922.705045,-67.613923,82
OSPF,r4,1790441922.716232,-67.602736,82
OSPF,r4,1790441932.705624,-57.613344,82
OSPF,r4,1790441932.717427,-57.601541,82
OSPF,r4,1790441942.706522,-47.612446,82
OSPF,r4,1790441942.717691,-47.601277,82
OSPF,r4,1790441952.711437,-37.607531,82
OSPF,r4,1790441952.723789,-37.595179,82
OSPF,r4,1790441962.716678,-27.60229,82
OSPF,r4,1790441962.727522,-27.591446,82
OSPF,r4,1790441972.720012,-17.598956,82
OSPF,r4,1790441972.731195,-17.587773,82
OSPF,r4,1790441982.723475,-7.595493,82
OSPF,r4,1790441982.735376,-7.583592,82
OSPF,r4,1790441992.727351,2.408383,82
OSPF,r4,1790441992.737458,2.41849,82
OSPF,r4,1790442002.729586,12.410618,82
OSPF,r4,1790442002.739988,12.42102,82
OSPF,r4,1790442012.733015,22.414047,82
OSPF,r4,1790442012.744119,22.425151,82
OSPF,r4,1790442022.377231,32.058263,146
OSPF,r4,1790442022.486213,32.167245,146
OSPF,r4,1790442022.736015,32.417047,82
OSPF,r4,1790442022.747451,32.428483,82
OSPF,r4,1790442023.387949,33.068981,78
OSPF,r4,1790442023.477163,33.158195,78
OSPF,r4,1790442032.738059,42.419091,82
OSPF,r4,1790442032.748085,42.429117,82
OSPF,r5,1790441832.286789,-158.032179,66
OSPF,r5,1790441832.289355,-158.029613,86
OSPF,r5,1790441832.289391,-158.029577,70
OSPF,r5,1790441832.290292,-158.028676,134
OSPF,r5,1790441832.291269,-158.027699,146
OSPF,r5,1790441832.291578,-158.02739,82
OSPF,r5,1790441832.51581,-157.803158,82
OSPF,r5,1790441832.516614,-157.802354,66
OSPF,r5,1790441832.51721,-157.801758,146
OSPF,r5,1790441832.517231,-157.801737,70
OSPF,r5,1790441832.517587,-157.801381,362
OSPF,r5,1790441832.518499,-157.800469,230
OSPF,r5,1790441832.51878,-157.800188,158
OSPF,r5,1790441833.300208,-157.01876,118
OSPF,r5,1790441833.522973,-156.795995,78
OSPF,r5,1790441837.301741,-153.017227,158
OSPF,r5,1790441837.396517,-152.922451,158
OSPF,r5,1790441837.422109,-152.896859,254
OSPF,r5,1790441837.520151,-152.798817,158
OSPF,r5,1790441837.520531,-152.798437,158
OSPF,r5,1790441838.311289,-152.007679,98
OSPF,r5,1790441838.423562,-151.895406,98
OSPF,r5,1790441842.292433,-148.026535,82
OSPF,r5,1790441842.517588,-147.80138,82
OSPF,r5,1790441852.296103,-138.022865,82
OSPF,r5,1790441852.520626,-137.798342,82
OSPF,r5,1790441862.287857,-128.031111,158
OSPF,r5,1790441862.292755,-128.026213,158
OSPF,r5,1790441862.29323,-128.025738,158
OSPF,r5,1790441862.298733,-128.020235,82
OSPF,r5,1790441862.316699,-128.002269,158
OSPF,r5,1790441862.517656,-127.801312,158
OSPF,r5,1790441862.522832,-127.796136,82
OSPF,r5,1790441862.684616,-127.634352,158
OSPF,r5,1790441863.289711,-127.029257,98
OSPF,r5,1790441863.318809,-127.000159,98
OSPF,r5,1790441872.299827,-118.019141,82
OSPF,r5,1790441872.527283,-117.791685,82
OSPF,r5,1790441882.302576,-108.016392,82
OSPF,r5,1790441882.530128,-107.78884,82
OSPF,r5,1790441892.303708,-98.01526,82
OSPF,r5,1790441892.535316,-97.783652,82
OSPF,r5,1790441902.304931,-88.014037,82
OSPF,r5,1790441902.536778,-87.78219,82
OSPF,r5,1790441912.306557,-78.012411,82
OSPF,r5,1790441912.537968,-77.781,82
OSPF,r5,1790441922.309152,-68.009816,82
OSPF,r5,1790441922.542223,-67.776745,82
OSPF,r5,1790441932.310299,-58.008669,82
OSPF,r5,1790441932.545914,-57.773054,82
OSPF,r5,1790441942.314191,-48.004777,82
OSPF,r5,1790441942.548372,-47.770596,82
OSPF,r5,1790441952.317353,-38.001615,82
OSPF,r5,1790441952.551394,-37.767574,82
OSPF,r5,1790441962.322985,-27.995983,82
OSPF,r5,1790441962.554446,-27.764522,82
OSPF,r5,1790441972.32603,-17.992938,82
OSPF,r5,1790441972.557719,-17.761249,82
OSPF,r5,1790441982.326458,-7.99251,82
OSPF,r5,1790441982.558215,-7.760753,82
OSPF,r5,1790441992.328236,2.009268,82
OSPF,r5,1790441992.561349,2.242381,82
OSPF,r5,1790442002.33076,12.011792,82
OSPF,r5,1790442002.564409,12.245441,82
OSPF,r5,1790442012.332179,22.013211,82
OSPF,r5,1790442012.565452,22.246484,82
OSPF,r5,1790442022.336427,32.017459,82
OSPF,r5,1790442022.379031,32.060063,146
OSPF,r5,1790442022.475209,32.156241,146
OSPF,r5,1790442022.56642,32.247452,82
OSPF,r5,1790442023.378263,33.059295,78
OSPF,r5,1790442023.477032,33.158064,78
OSPF,r5,1790442032.337451,42.018483,82
OSPF,r5,1790442032.567533,42.248565,82
BGP,r1,1790442040.900635,-154.398778,74
BGP,r1,1790442040.900685,-154.398728,66
BGP,r1,1790442040.901116,-154.398297,165
BGP,r1,1790442040.911039,-154.388374,74
BGP,r1,1790442040.91771,-154.381703,74
BGP,r1,1790442040.917994,-154.381419,66
BGP,r1,1790442040.918011,-154.381402,165
BGP,r1,1790442040.918098,-154.381315,85
BGP,r1,1790442040.931742,-154.367671,66
BGP,r1,1790442040.931747,-154.367666,165
BGP,r1,1790442040.95368,-154.345733,66
BGP,r1,1790442040.953792,-154.345621,85
BGP,r1,1790442040.95935,-154.340063,66
BGP,r1,1790442041.015334,-154.284079,66
BGP,r1,1790442041.015339,-154.284074,149
BGP,r1,1790442041.601721,-153.697692,66
BGP,r1,1790442041.655508,-153.643905,123
BGP,r1,1790442041.671324,-153.628089,66
BGP,r1,1790442041.722508,-153.576905,127
BGP,r1,1790442041.79708,-153.502333,66
BGP,r1,1790442041.852938,-153.446475,127
BGP,r1,1790442042.023564,-153.275849,66
BGP,r1,1790442042.072588,-153.226825,290
BGP,r1,1790442042.086509,-153.212904,119
BGP,r1,1790442042.126832,-153.172581,66
BGP,r1,1790442042.162331,-153.137082,66
BGP,r1,1790442042.18008,-153.119333,107
BGP,r1,1790442042.191155,-153.108258,132
BGP,r1,1790442100.919608,-94.379805,66
BGP,r1,1790442100.921064,-94.378349,85
BGP,r1,1790442100.932013,-94.3674,85
BGP,r1,1790442101.02791,-94.271503,66
BGP,r1,1790442160.922597,-34.376816,85
BGP,r1,1790442160.934148,-34.365265,85
BGP,r1,1790442160.992861,-34.306552,66
BGP,r1,1790442220.939252,25.639839,85
BGP,r1,1790442220.998591,25.699178,66
BGP,r1,1790442280.9506,85.651187,85
BGP,r1,1790442281.005008,85.705595,66
BGP,r1,1790442340.951364,145.651951,85
BGP,r1,1790442341.00645,145.707037,66
BGP,r1,1790442341.032238,145.732825,168
BGP,r1,1790442341.158259,145.858846,66
BGP,r1,1790442353.103017,157.803604,74
BGP,r1,1790442353.109047,157.809634,66
BGP,r1,1790442353.110229,157.810816,165
BGP,r1,1790442353.110621,157.811208,85
BGP,r1,1790442353.150965,157.851552,66
BGP,r1,1790442354.22245,158.923037,66
BGP,r1,1790442354.265072,158.965659,290
BGP,r1,1790442354.290121,158.990708,185
BGP,r1,1790442354.307926,159.008513,107
BGP,r1,1790442354.321948,159.022535,66
BGP,r1,1790442354.372883,159.07347,66
BGP,r2,1790442040.900674,-154.398739,74
BGP,r2,1790442040.900782,-154.398631,66
BGP,r2,1790442040.901135,-154.398278,54
BGP,r2,1790442040.917678,-154.381735,74
BGP,r2,1790442040.91772,-154.381693,66
BGP,r2,1790442040.917834,-154.381579,74
BGP,r2,1790442040.917871,-154.381542,66
BGP,r2,1790442040.917988,-154.381425,165
BGP,r2,1790442040.918024,-154.381389,66
BGP,r2,1790442040.918052,-154.381361,165
BGP,r2,1790442040.9181,-154.381313,85
BGP,r2,1790442040.918305,-154.381108,66
BGP,r2,1790442040.91837,-154.381043,66
BGP,r2,1790442040.918394,-154.381019,85
BGP,r2,1790442040.959344,-154.340069,66
BGP,r2,1790442040.959362,-154.340051,149
BGP,r2,1790442042.02339,-153.276023,150
BGP,r2,1790442042.072675,-153.226738,66
BGP,r2,1790442042.113529,-153.185884,66
BGP,r2,1790442042.126396,-153.173017,242
BGP,r2,1790442042.126714,-153.172699,193
BGP,r2,1790442042.180184,-153.119229,66
BGP,r2,1790442042.181132,-153.118281,66
BGP,r2,1790442100.919295,-94.380118,85
BGP,r2,1790442100.919469,-94.379944,66
BGP,r2,1790442100.920506,-94.378907,85
BGP,r2,1790442100.921099,-94.378314,66
BGP,r2,1790442160.919968,-34.379445,85
BGP,r2,1790442160.920744,-34.378669,85
BGP,r2,1790442160.922682,-34.376731,66
BGP,r2,1790442220.921646,25.622233,85
BGP,r2,1790442280.938109,85.638696,85
BGP,r2,1790442340.938086,145.638673,85
BGP,r2,1790442340.980269,145.680856,66
BGP,r2,1790442341.015782,145.716369,159
BGP,r2,1790442341.076743,145.77733,66
BGP,r2,1790442341.185712,145.886299,66
BGP,r2,1790442353.102736,157.803323,74
BGP,r2,1790442353.103065,157.803652,66
BGP,r2,1790442353.108939,157.809526,165
BGP,r2,1790442353.11026,157.810847,66
BGP,r2,1790442353.110643,157.81123,66
BGP,r2,1790442353.110785,157.811372,85
BGP,r2,1790442354.22225,158.922837,341
BGP,r2,1790442354.307736,159.008323,66
BGP,r2,1790442354.307961,159.008548,66
BGP,r2,1790442354.321253,159.02184,176
BGP,r2,1790442354.321858,159.022445,98
BGP,r2,1790442354.383309,159.083896,66
BGP,r3,1790442040.92109,-154.378323,74
BGP,r3,1790442040.943641,-154.355772,66
BGP,r3,1790442040.943645,-154.355768,165
BGP,r3,1790442040.963708,-154.335705,85
BGP,r3,1790442041.003999,-154.295414,66
BGP,r3,1790442041.025381,-154.274032,66
BGP,r3,1790442041.5908,-153.708613,206
BGP,r3,1790442041.590808,-153.708605,206
BGP,r3,1790442041.608492,-153.690921,66
BGP,r3,1790442041.660382,-153.639031,123
BGP,r3,1790442041.660385,-153.639028,123
BGP,r3,1790442041.666745,-153.632668,66
BGP,r3,1790442041.666747,-153.632666,66
BGP,r3,1790442041.734601,-153.564812,66
BGP,r3,1790442041.735202,-153.564211,66
BGP,r3,1790442041.78551,-153.513903,184
BGP,r3,1790442041.785528,-153.513885,184
BGP,r3,1790442041.864084,-153.435329,66
BGP,r3,1790442042.098464,-153.200949,66
BGP,r3,1790442042.150549,-153.148864,123
BGP,r3,1790442042.150568,-153.148845,123
BGP,r3,1790442042.202755,-153.096658,66
BGP,r3,1790442042.226242,-153.073171,66
BGP,r3,1790442100.441542,-94.857871,66
BGP,r3,1790442100.441606,-94.857807,85
BGP,r3,1790442100.944192,-94.355221,66
BGP,r3,1790442100.971933,-94.32748,85
BGP,r3,1790442160.451358,-34.848055,85
BGP,r3,1790442160.489576,-34.809837,66
BGP,r3,1790442160.9825,-34.316913,85
BGP,r3,1790442220.453858,25.154445,85
BGP,r3,1790442220.466689,25.167276,66
BGP,r3,1790442220.984954,25.685541,85
BGP,r3,1790442280.462526,85.163113,85
BGP,r3,1790442280.47959,85.180177,66
BGP,r3,1790442280.993527,85.694114,85
BGP,r3,1790442340.467131,145.167718,85
BGP,r3,1790442340.480968,145.181555,66
BGP,r3,1790442340.992088,145.692675,85
BGP,r3,1790442341.085684,145.786271,66
BGP,r3,1790442341.103288,145.803875,127
BGP,r3,1790442341.10425,145.804837,127
BGP,r3,1790442341.152661,145.853248,66
BGP,r3,1790442354.302161,159.002748,66
BGP,r3,1790442354.358702,159.059289,123
BGP,r3,1790442354.358722,159.059309,123
BGP,r3,1790442354.439823,159.14041,66
BGP,r4,1790442041.597234,-153.702179,149
BGP,r4,1790442041.601715,-153.697698,66
BGP,r4,1790442041.655572,-153.643841,184
BGP,r4,1790442041.658628,-153.640785,66
BGP,r4,1790442041.671327,-153.628086,66
BGP,r4,1790442041.71213,-153.587283,281
BGP,r4,1790442041.722908,-153.576505,176
BGP,r4,1790442041.797099,-153.502314,66
BGP,r4,1790442042.162349,-153.137064,66
BGP,r4,1790442042.180993,-153.11842,66
BGP,r4,1790442042.203156,-153.096257,98
BGP,r4,1790442042.216002,-153.083411,123
BGP,r4,1790442100.429117,-94.870296,85
BGP,r4,1790442100.453324,-94.846089,66
BGP,r4,1790442100.559374,-94.740039,85
BGP,r4,1790442160.436954,-34.862459,85
BGP,r4,1790442160.463541,-34.835872,66
BGP,r4,1790442160.568562,-34.730851,85
BGP,r4,1790442160.611258,-34.688155,66
BGP,r4,1790442220.45613,25.156717,85
BGP,r4,1790442220.466679,25.167266,66
BGP,r4,1790442220.567265,25.267852,85
BGP,r4,1790442220.569491,25.270078,66
BGP,r4,1790442280.469349,85.169936,85
BGP,r4,1790442280.474612,85.175199,66
BGP,r4,1790442280.575083,85.27567,85
BGP,r4,1790442280.57592,85.276507,66
BGP,r4,1790442340.469016,145.169603,85
BGP,r4,1790442340.483101,145.183688,66
BGP,r4,1790442340.581277,145.281864,85
BGP,r4,1790442340.582073,145.28266,66
BGP,r4,1790442341.076563,145.77715,66
BGP,r4,1790442341.113747,145.814334,66
BGP,r4,1790442341.130941,145.831528,130
BGP,r4,1790442341.141049,145.841636,127
BGP,r4,1790442354.383017,159.083604,66
BGP,r4,1790442354.413303,159.11389,66
BGP,r4,1790442354.413682,159.114269,98
BGP,r4,1790442354.424363,159.12495,123
BGP,r5,1790442041.658602,-153.640811,217
BGP,r5,1790442041.753297,-153.546116,66
BGP,r5,1790442042.072716,-153.226697,377
BGP,r5,1790442042.126447,-153.172966,66
BGP,r5,1790442042.180921,-153.118492,126
BGP,r5,1790442042.181104,-153.118309,123
BGP,r5,1790442042.203211,-153.096202,66
BGP,r5,1790442100.558523,-94.74089,85
BGP,r5,1790442100.559441,-94.739972,66
BGP,r5,1790442100.919243,-94.38017,85
BGP,r5,1790442100.920542,-94.378871,66
BGP,r5,1790442160.568692,-34.730721,66
BGP,r5,1790442160.56884,-34.730573,85
BGP,r5,1790442160.919466,-34.379947,85
BGP,r5,1790442160.920833,-34.37858,66
BGP,r5,1790442220.569403,25.26999,85
BGP,r5,1790442220.921294,25.621881,85
BGP,r5,1790442220.921675,25.622262,66
BGP,r5,1790442280.57584,85.276427,85
BGP,r5,1790442280.937626,85.638213,85
BGP,r5,1790442280.938151,85.638738,66
BGP,r5,1790442340.582019,145.282606,85
BGP,r5,1790442340.938188,145.638775,66
BGP,r5,1790442340.938628,145.639215,85
BGP,r5,1790442341.061098,145.761685,66
BGP,r5,1790442341.076501,145.777088,98
BGP,r5,1790442341.076687,145.777274,98
BGP,r5,1790442341.170445,145.871032,66
BGP,r5,1790442341.185649,145.886236,127
BGP,r5,1790442354.321642,159.022229,66
BGP,r5,1790442354.382903,159.08349,126
BGP,r5,1790442354.383228,159.083815,123
BGP,r5,1790442354.413757,159.114344,66
