protocolo,timestamp,t_rel_falha_s,icmp_seq,rtt_ms
RIP,1790441603.640076,-4.951337,1,50.2
RIP,1790441603.741957,-4.849456,2,47.7
RIP,1790441603.846811,-4.744601,3,46.5
RIP,1790441603.952198,-4.639215,4,47.1
RIP,1790441604.051681,-4.539732,5,43.6
RIP,1790441604.172376,-4.419037,6,50.2
RIP,1790441604.272782,-4.31863,7,47.5
RIP,1790441604.381424,-4.209989,8,50.3
RIP,1790441604.480405,-4.111007,9,48.5
RIP,1790441604.579601,-4.011811,10,45.8
RIP,1790441604.685624,-3.905789,11,46.7
RIP,1790441604.78817,-3.803242,12,48.2
RIP,1790441604.895157,-3.696255,13,49.7
RIP,1790441604.994313,-3.5971,14,47.2
RIP,1790441605.100225,-3.491188,15,47.9
RIP,1790441605.206609,-3.384804,16,49.9
RIP,1790441605.306489,-3.284924,17,49.4
RIP,1790441605.407604,-3.183809,18,46.9
RIP,1790441605.510267,-3.081146,19,48.4
RIP,1790441605.612024,-2.979388,20,46.7
RIP,1790441605.71873,-2.872683,21,48.4
RIP,1790441605.823222,-2.768191,22,49.1
RIP,1790441605.923302,-2.668111,23,48.4
RIP,1790441606.026224,-2.565189,24,46.9
RIP,1790441606.132931,-2.458482,25,48.6
RIP,1790441606.236961,-2.354452,26,46.9
RIP,1790441606.339447,-2.251966,27,47.3
RIP,1790441606.441965,-2.149447,28,47.7
RIP,1790441606.546739,-2.044673,29,49.0
RIP,1790441606.649411,-1.942002,30,46.4
RIP,1790441606.752305,-1.839108,31,45.8
RIP,1790441606.859255,-1.732157,32,47.2
RIP,1790441606.968152,-1.62326,33,50.5
RIP,1790441607.070189,-1.521224,34,49.1
RIP,1790441607.170819,-1.420594,35,48.0
RIP,1790441607.277753,-1.313659,36,50.4
RIP,1790441607.381019,-1.210393,37,48.7
RIP,1790441607.479518,-1.111895,38,46.0
RIP,1790441607.582018,-1.009395,39,47.4
RIP,1790441607.685486,-0.905926,40,47.9
RIP,1790441607.786115,-0.805298,41,48.0
RIP,1790441607.891043,-0.70037,42,49.0
RIP,1790441607.99133,-0.600083,43,45.7
RIP,1790441608.099619,-0.491794,44,48.9
RIP,1790441608.203833,-0.387579,45,47.8
RIP,1790441608.310426,-0.280987,46,49.2
RIP,1790441608.418498,-0.172915,47,51.7
RIP,1790441608.520563,-0.07085,48,47.7
RIP,1790441608.622593,0.03118,49,43.6
RIP,1790441608.726074,0.134661,50,44.8
RIP,1790441608.824654,0.233242,51,42.2
RIP,1790441608.942122,0.350709,52,43.1
RIP,1790441609.041377,0.449965,53,41.7
RIP,1790441805.507247,196.915834,1905,0.217
RIP,1790441805.615926,197.024513,1906,0.219
RIP,1790441805.722602,197.131189,1907,0.265
RIP,1790441805.830491,197.239079,1908,0.241
RIP,1790441805.937388,197.345975,1909,0.251
RIP,1790441806.04239,197.450978,1910,0.297
RIP,1790441806.143518,197.552105,1911,0.267
RIP,1790441806.249102,197.65769,1912,0.176
RIP,1790441806.35223,197.760818,1913,0.086
RIP,1790441806.462703,197.87129,1914,0.326
RIP,1790441806.569092,197.977679,1915,0.29
RIP,1790441806.680784,198.089371,1916,0.243
RIP,1790441806.784789,198.193377,1917,0.381
RIP,1790441806.891928,198.300515,1918,0.312
RIP,1790441807.004508,198.413095,1919,0.294
RIP,1790441807.112134,198.520721,1920,0.271
RIP,1790441807.218496,198.627084,1921,0.164
RIP,1790441807.326291,198.734879,1922,0.318
RIP,1790441807.435093,198.84368,1923,0.115
RIP,1790441807.546771,198.955359,1924,0.193
RIP,1790441807.663215,199.071802,1925,0.279
RIP,1790441807.770209,199.178797,1926,0.324
RIP,1790441807.878228,199.286815,1927,0.359
RIP,1790441807.983412,199.391999,1928,0.262
RIP,1790441808.090669,199.499256,1929,0.251
RIP,1790441808.192304,199.600891,1930,0.242
RIP,1790441808.296484,199.705071,1931,0.454
RIP,1790441808.400829,199.809417,1932,0.391
RIP,1790441808.504197,199.912784,1933,0.147
RIP,1790441808.607707,200.016294,1934,0.136
RIP,1790441808.714755,200.123343,1935,0.196
RIP,1790441808.815179,200.223767,1936,0.169
RIP,1790441808.920375,200.328963,1937,0.364
RIP,1790441809.025191,200.433779,1938,0.174
RIP,1790441809.129192,200.53778,1939,0.284
RIP,1790441809.231148,200.639735,1940,0.128
RIP,1790441809.336234,200.744822,1941,0.227
RIP,1790441809.44313,200.851717,1942,0.206
RIP,1790441809.557646,200.966233,1943,0.232
RIP,1790441809.668317,201.076905,1944,0.31
RIP,1790441809.779138,201.187726,1945,0.529
RIP,1790441809.894808,201.303396,1946,0.355
RIP,1790441810.004543,201.413131,1947,0.202
RIP,1790441810.119633,201.52822,1948,0.389
RIP,1790441810.22831,201.636898,1949,0.304
RIP,1790441810.335832,201.74442,1950,0.276
RIP,1790441810.445812,201.854399,1951,0.221
RIP,1790441810.554181,201.962769,1952,0.321
RIP,1790441810.657159,202.065747,1953,0.37
RIP,1790441810.759634,202.168221,1954,0.231
RIP,1790441810.868032,202.276619,1955,0.347
RIP,1790441810.977891,202.386478,1956,0.217
RIP,1790441811.081748,202.490335,1957,0.538
RIP,1790441811.184145,202.592732,1958,0.095
RIP,1790441811.288078,202.696666,1959,0.13
RIP,1790441811.394065,202.802652,1960,0.089
RIP,1790441811.500455,202.909042,1961,0.169
RIP,1790441811.61184,203.020427,1962,0.318
RIP,1790441811.728244,203.136832,1963,0.278
RIP,1790441811.835658,203.244246,1964,0.232
RIP,1790441811.944103,203.35269,1965,0.227
RIP,1790441812.047992,203.456579,1966,0.196
RIP,1790441812.152175,203.560762,1967,0.25
RIP,1790441812.259909,203.668496,1968,0.356
RIP,1790441812.368718,203.777305,1969,0.462
RIP,1790441812.47882,203.887408,1970,0.462
RIP,1790441812.588228,203.996815,1971,0.243
RIP,1790441812.695603,204.10419,1972,0.206
RIP,1790441812.799426,204.208014,1973,0.21
RIP,1790441812.904479,204.313066,1974,0.342
RIP,1790441813.010102,204.418689,1975,0.63
RIP,1790441813.11356,204.522147,1976,0.44
RIP,1790441813.215488,204.624075,1977,0.306
RIP,1790441813.322433,204.73102,1978,0.478
RIP,1790441813.423663,204.83225,1979,0.304
RIP,1790441813.528295,204.936882,1980,0.204
RIP,1790441813.631335,205.039922,1981,0.09
RIP,1790441813.735194,205.143781,1982,0.123
RIP,1790441813.839444,205.248031,1983,0.065
RIP,1790441813.943386,205.351974,1984,0.109
RIP,1790441814.047176,205.455763,1985,0.089
OSPF,1790441985.315549,-5.003419,1,0.471
OSPF,1790441985.423993,-4.894975,2,0.099
OSPF,1790441985.528523,-4.790445,3,0.138
OSPF,1790441985.63195,-4.687018,4,0.368
OSPF,1790441985.739536,-4.579432,5,0.254
OSPF,1790441985.849983,-4.468985,6,0.393
OSPF,1790441985.951452,-4.367516,7,0.179
OSPF,1790441986.056385,-4.262583,8,0.536
OSPF,1790441986.160332,-4.158636,9,0.329
OSPF,1790441986.265748,-4.05322,10,0.272
OSPF,1790441986.368083,-3.950885,11,0.165
OSPF,1790441986.472119,-3.846849,12,0.197
OSPF,1790441986.575642,-3.743326,13,0.324
OSPF,1790441986.680715,-3.638253,14,0.192
OSPF,1790441986.785952,-3.533016,15,0.289
OSPF,1790441986.888696,-3.430272,16,0.263
OSPF,1790441986.992983,-3.325985,17,0.394
OSPF,1790441987.100134,-3.218834,18,0.155
OSPF,1790441987.207528,-3.11144,19,0.311
OSPF,1790441987.312042,-3.006926,20,0.226
OSPF,1790441987.415273,-2.903695,21,0.177
OSPF,1790441987.522715,-2.796253,22,0.484
OSPF,1790441987.624721,-2.694247,23,0.287
OSPF,1790441987.728791,-2.590177,24,0.356
OSPF,1790441987.835276,-2.483692,25,0.239
OSPF,1790441987.94568,-2.373288,26,0.272
OSPF,1790441988.048006,-2.270962,27,0.31
OSPF,1790441988.155588,-2.16338,28,0.206
OSPF,1790441988.268291,-2.050677,29,0.249
OSPF,1790441988.375924,-1.943044,30,0.218
OSPF,1790441988.486552,-1.832416,31,0.203
OSPF,1790441988.594049,-1.724919,32,0.361
OSPF,1790441988.696442,-1.622526,33,0.304
OSPF,1790441988.800859,-1.518109,34,0.462
OSPF,1790441988.905324,-1.413644,35,0.158
OSPF,1790441989.012195,-1.306773,36,0.19
OSPF,1790441989.120626,-1.198342,37,0.345
OSPF,1790441989.228401,-1.090567,38,0.335
OSPF,1790441989.340276,-0.978692,39,0.311
OSPF,1790441989.447706,-0.871262,40,0.261
OSPF,1790441989.551311,-0.767657,41,0.279
OSPF,1790441989.657979,-0.660989,42,0.287
OSPF,1790441989.760877,-0.558091,43,1.16
OSPF,1790441989.864144,-0.454824,44,0.18
OSPF,1790441989.972091,-0.346877,45,0.294
OSPF,1790441990.079798,-0.23917,46,0.275
OSPF,1790441990.186068,-0.1329,47,0.328
OSPF,1790441990.28733,-0.031638,48,0.316
OSPF,1790441990.391095,0.072127,49,0.081
OSPF,1790441990.499701,0.180733,50,0.083
OSPF,1790441990.608737,0.289769,51,0.123
OSPF,1790441990.711399,0.392431,52,0.079
OSPF,1790442022.498027,32.179059,353,46.0
OSPF,1790442022.600372,32.281404,354,46.2
OSPF,1790442022.702597,32.383629,355,45.0
OSPF,1790442022.806388,32.48742,356,46.0
OSPF,1790442022.907026,32.588058,357,46.3
OSPF,1790442023.010392,32.691424,358,48.1
OSPF,1790442023.114031,32.795063,359,47.1
OSPF,1790442023.216039,32.897071,360,46.7
OSPF,1790442023.322049,33.003081,361,46.6
OSPF,1790442023.425607,33.106639,362,48.8
OSPF,1790442023.528665,33.209697,363,46.8
OSPF,1790442023.635287,33.316319,364,50.5
OSPF,1790442023.729836,33.410868,365,43.1
OSPF,1790442023.836043,33.517075,366,48.5
OSPF,1790442023.942485,33.623517,367,49.1
OSPF,1790442024.042538,33.72357,368,46.9
OSPF,1790442024.144767,33.825799,369,46.9
OSPF,1790442024.249228,33.93026,370,46.0
OSPF,1790442024.35628,34.037312,371,49.2
OSPF,1790442024.461458,34.14249,372,48.8
OSPF,1790442024.560608,34.24164,373,46.7
OSPF,1790442024.664627,34.345659,374,47.2
OSPF,1790442024.767794,34.448826,375,48.8
OSPF,1790442024.862717,34.543749,376,42.4
OSPF,1790442024.972645,34.653677,377,46.5
OSPF,1790442025.076983,34.758015,378,48.9
OSPF,1790442025.180055,34.861087,379,48.6
OSPF,1790442025.287239,34.968271,380,49.7
OSPF,1790442025.390283,35.071315,381,48.0
OSPF,1790442025.490088,35.17112,382,46.4
OSPF,1790442025.592765,35.273797,383,48.2
OSPF,1790442025.693528,35.37456,384,45.7
OSPF,1790442025.79749,35.478522,385,48.4
OSPF,1790442025.902708,35.58374,386,47.9
OSPF,1790442026.003095,35.684127,387,47.7
OSPF,1790442026.107921,35.788953,388,46.6
OSPF,1790442026.217269,35.898301,389,50.2
OSPF,1790442026.317945,35.998977,390,45.4
OSPF,1790442026.425042,36.106074,391,48.8
OSPF,1790442026.529063,36.210095,392,48.0
OSPF,1790442026.631901,36.312933,393,47.3
OSPF,1790442026.738665,36.419697,394,48.4
OSPF,1790442026.843531,36.524563,395,48.3
OSPF,1790442026.945993,36.627025,396,49.3
OSPF,1790442027.044617,36.725649,397,46.6
OSPF,1790442027.151157,36.832189,398,47.0
OSPF,1790442027.252708,36.93374,399,47.3
OSPF,1790442027.353022,37.034054,400,46.7
OSPF,1790442027.455531,37.136563,401,46.2
OSPF,1790442027.556672,37.237704,402,46.5
OSPF,1790442027.662159,37.343191,403,47.6
OSPF,1790442027.765802,37.446834,404,47.4
OSPF,1790442027.871949,37.552981,405,49.1
OSPF,1790442027.972924,37.653956,406,47.8
OSPF,1790442028.072292,37.753324,407,46.4
OSPF,1790442028.171782,37.852814,408,44.9
OSPF,1790442028.275821,37.956853,409,48.7
OSPF,1790442028.378737,38.059769,410,47.9
OSPF,1790442028.484008,38.16504,411,47.8
OSPF,1790442028.586597,38.267629,412,47.9
OSPF,1790442028.691456,38.372488,413,47.6
OSPF,1790442028.792329,38.473361,414,45.1
OSPF,1790442028.897378,38.57841,415,44.4
OSPF,1790442028.999821,38.680853,416,44.5
OSPF,1790442029.10547,38.786502,417,47.0
OSPF,1790442029.208025,38.889057,418,48.8
OSPF,1790442029.311128,38.99216,419,47.3
OSPF,1790442029.417258,39.09829,420,48.4
OSPF,1790442029.517354,39.198386,421,47.4
OSPF,1790442029.62625,39.307282,422,50.6
OSPF,1790442029.728186,39.409218,423,46.6
OSPF,1790442029.835981,39.517013,424,49.0
OSPF,1790442029.936689,39.617721,425,46.9
OSPF,1790442030.038759,39.719791,426,48.1
OSPF,1790442030.137287,39.818319,427,46.1
OSPF,1790442030.242301,39.923333,428,45.6
OSPF,1790442030.349666,40.030698,429,49.3
OSPF,1790442030.455626,40.136658,430,49.6
OSPF,1790442030.554606,40.235638,431,44.2
OSPF,1790442030.66454,40.345572,432,49.5
OSPF,1790442030.764095,40.445127,433,44.6
OSPF,1790442030.867933,40.548965,434,46.6
OSPF,1790442030.97698,40.658012,435,49.6
OSPF,1790442031.078741,40.759773,436,46.6
BGP,1790442190.294821,-5.004592,1,0.371
BGP,1790442190.400314,-4.899099,2,0.155
BGP,1790442190.504765,-4.794648,3,0.213
BGP,1790442190.60985,-4.689563,4,0.173
BGP,1790442190.714695,-4.584718,5,0.257
BGP,1790442190.815471,-4.483942,6,0.321
BGP,1790442190.919412,-4.380001,7,0.304
BGP,1790442191.024377,-4.275036,8,0.367
BGP,1790442191.12742,-4.171993,9,0.333
BGP,1790442191.239939,-4.059474,10,0.205
BGP,1790442191.344201,-3.955212,11,0.181
BGP,1790442191.453405,-3.846008,12,0.264
BGP,1790442191.566253,-3.73316,13,0.253
BGP,1790442191.678976,-3.620437,14,0.382
BGP,1790442191.785742,-3.513671,15,0.317
BGP,1790442191.894254,-3.405159,16,0.382
BGP,1790442191.999657,-3.299756,17,0.284
BGP,1790442192.104098,-3.195315,18,0.241
BGP,1790442192.210965,-3.088448,19,0.213
BGP,1790442192.320242,-2.979171,20,0.27
BGP,1790442192.43052,-2.868893,21,0.407
BGP,1790442192.535669,-2.763744,22,0.344
BGP,1790442192.640653,-2.65876,23,0.336
BGP,1790442192.745993,-2.55342,24,0.615
BGP,1790442192.847909,-2.451504,25,0.341
BGP,1790442192.957755,-2.341658,26,0.444
BGP,1790442193.070284,-2.229129,27,0.272
BGP,1790442193.176553,-2.12286,28,0.41
BGP,1790442193.283183,-2.01623,29,0.346
BGP,1790442193.393668,-1.905745,30,0.329
BGP,1790442193.501246,-1.798167,31,0.156
BGP,1790442193.614232,-1.685181,32,0.278
BGP,1790442193.719942,-1.579471,33,0.286
BGP,1790442193.823434,-1.475979,34,0.255
BGP,1790442193.931629,-1.367784,35,0.191
BGP,1790442194.039484,-1.259929,36,0.28
BGP,1790442194.148179,-1.151234,37,0.37
BGP,1790442194.257044,-1.042369,38,0.304
BGP,1790442194.361144,-0.938269,39,0.376
BGP,1790442194.465799,-0.833614,40,0.314
BGP,1790442194.572669,-0.726744,41,0.258
BGP,1790442194.679554,-0.619859,42,0.162
BGP,1790442194.786786,-0.512627,43,0.172
BGP,1790442194.88912,-0.410293,44,0.305
BGP,1790442194.999424,-0.299989,45,0.453
BGP,1790442195.106022,-0.193391,46,0.342
BGP,1790442195.214417,-0.084996,47,0.329
BGP,1790442195.322969,0.023556,48,0.185
BGP,1790442195.424062,0.124649,49,0.163
BGP,1790442195.528313,0.2289,50,0.083
BGP,1790442195.643199,0.343786,51,0.088
BGP,1790442195.751296,0.451883,52,0.076
BGP,1790442341.229098,145.929685,1411,48.5
BGP,1790442341.339975,146.040562,1412,50.3
BGP,1790442341.447454,146.148041,1413,55.7
BGP,1790442341.65945,146.360037,1415,50.3
BGP,1790442341.759923,146.46051,1416,47.2
BGP,1790442341.879557,146.580144,1417,58.6
BGP,1790442341.976234,146.676821,1418,51.9
BGP,1790442342.083053,146.78364,1419,54.7
BGP,1790442342.18665,146.887237,1420,52.2
BGP,1790442342.2936,146.994187,1421,58.5
BGP,1790442342.391604,147.092191,1422,50.0
BGP,1790442342.5004,147.200987,1423,54.2
BGP,1790442342.591261,147.291848,1424,45.5
BGP,1790442342.704572,147.405159,1425,48.0
BGP,1790442342.816683,147.51727,1426,51.1
BGP,1790442342.925227,147.625814,1427,52.7
BGP,1790442343.026483,147.72707,1428,48.2
BGP,1790442343.141618,147.842205,1429,52.0
BGP,1790442343.240848,147.941435,1430,49.2
BGP,1790442343.352032,148.052619,1431,52.2
BGP,1790442343.451193,148.15178,1432,48.0
BGP,1790442343.561074,148.261661,1433,55.9
BGP,1790442343.650329,148.350916,1434,42.7
BGP,1790442343.767022,148.467609,1435,57.2
BGP,1790442343.873833,148.57442,1436,53.6
BGP,1790442343.981654,148.682241,1437,57.8
BGP,1790442344.089981,148.790568,1438,55.5
BGP,1790442344.198337,148.898924,1439,53.3
BGP,1790442344.311217,149.011804,1440,55.6
BGP,1790442344.412413,149.113,1441,54.2
BGP,1790442344.513749,149.214336,1442,51.6
BGP,1790442344.622661,149.323248,1443,50.4
BGP,1790442344.732189,149.432776,1444,53.1
BGP,1790442344.82188,149.522467,1445,42.2
BGP,1790442344.943049,149.643636,1446,56.1
BGP,1790442345.046449,149.747036,1447,51.0
BGP,1790442345.158099,149.858686,1448,56.1
BGP,1790442345.254559,149.955146,1449,52.2
BGP,1790442345.360248,150.060835,1450,52.1
BGP,1790442345.472799,150.173386,1451,54.2
BGP,1790442345.570549,150.271136,1452,50.4
BGP,1790442345.68683,150.387417,1453,59.6
BGP,1790442345.780487,150.481074,1454,49.3
BGP,1790442345.897142,150.597729,1455,55.7
BGP,1790442346.011054,150.711641,1456,58.5
BGP,1790442346.119185,150.819772,1457,58.4
BGP,1790442346.218341,150.918928,1458,53.8
BGP,1790442346.314848,151.015435,1459,49.1
BGP,1790442346.431635,151.132222,1460,56.9
BGP,1790442346.528437,151.229024,1461,51.4
BGP,1790442346.630461,151.331048,1462,45.0
BGP,1790442346.744521,151.445108,1463,53.2
BGP,1790442346.856653,151.55724,1464,57.9
BGP,1790442346.955998,151.656585,1465,55.1
BGP,1790442347.053967,151.754554,1466,50.9
BGP,1790442347.162845,151.863432,1467,54.8
BGP,1790442347.263308,151.963895,1468,51.8
BGP,1790442347.374697,152.075284,1469,55.9
BGP,1790442347.481557,152.182144,1470,55.2
BGP,1790442347.585413,152.286,1471,54.0
BGP,1790442347.694496,152.395083,1472,55.0
BGP,1790442347.795763,152.49635,1473,52.9
BGP,1790442347.899909,152.600496,1474,50.5
BGP,1790442348.007464,152.708051,1475,50.7
BGP,1790442348.119626,152.820213,1476,52.1
BGP,1790442348.225073,152.92566,1477,51.4
BGP,1790442348.342101,153.042688,1478,60.6
BGP,1790442348.441369,153.141956,1479,54.0
BGP,1790442348.545711,153.246298,1480,54.8
BGP,1790442348.641411,153.341998,1481,50.0
BGP,1790442348.7449,153.445487,1482,50.1
BGP,1790442348.846467,153.547054,1483,49.6
BGP,1790442348.952802,153.653389,1484,55.0
BGP,1790442349.06474,153.765327,1485,56.6
BGP,1790442349.170389,153.870976,1486,51.2
BGP,1790442349.271842,153.972429,1487,48.4
BGP,1790442349.374729,154.075316,1488,49.9
BGP,1790442349.474615,154.175202,1489,45.4
BGP,1790442349.58935,154.289937,1490,49.3
BGP,1790442349.6913,154.391887,1491,43.1
BGP,1790442349.800724,154.501311,1492,50.4
BGP,1790442349.915682,154.616269,1493,55.6
BGP,1790442350.005032,154.705619,1494,42.5
