protocolo,timestamp,roteador,cpu_pct,mem_mib
RIP,1790441495.814452,r1,0.03,16.69
RIP,1790441495.814452,r2,0.03,17.79
RIP,1790441495.814452,r3,0.03,17.1
RIP,1790441495.814452,r4,0.04,17.11
RIP,1790441495.814452,r5,0.03,16.65
RIP,1790441507.973931,r1,0.03,16.69
RIP,1790441507.973931,r2,0.74,17.61
RIP,1790441507.973931,r3,0.61,17.1
RIP,1790441507.973931,r4,0.1,16.86
RIP,1790441507.973931,r5,0.1,16.65
RIP,1790441520.130956,r1,0.07,16.63
RIP,1790441520.130956,r2,0.44,17.28
RIP,1790441520.130956,r3,0.05,17.1
RIP,1790441520.130956,r4,0.4,16.61
RIP,1790441520.130956,r5,0.09,16.29
RIP,1790441532.282616,r1,0.11,16.63
RIP,1790441532.282616,r2,0.15,17.11
RIP,1790441532.282616,r3,0.02,17.1
RIP,1790441532.282616,r4,0.02,16.61
RIP,1790441532.282616,r5,0.01,16.29
RIP,1790441544.733074,r1,0.03,16.42
RIP,1790441544.733074,r2,0.03,17.07
RIP,1790441544.733074,r3,0.76,16.82
RIP,1790441544.733074,r4,0.59,16.67
RIP,1790441544.733074,r5,0.02,17.03
RIP,1790441556.890588,r1,0.02,16.42
RIP,1790441556.890588,r2,0.03,17.07
RIP,1790441556.890588,r3,0.04,16.62
RIP,1790441556.890588,r4,0.02,16.67
RIP,1790441556.890588,r5,0.02,17.03
RIP,1790441569.002347,r1,0.17,16.42
RIP,1790441569.002347,r2,0.3,17.07
RIP,1790441569.002347,r3,0.22,16.62
RIP,1790441569.002347,r4,0.13,16.67
RIP,1790441569.002347,r5,0.15,17.03
RIP,1790441581.116554,r1,0.02,16.42
RIP,1790441581.116554,r2,0.03,17.07
RIP,1790441581.116554,r3,0.02,16.62
RIP,1790441581.116554,r4,0.05,16.67
RIP,1790441581.116554,r5,0.04,17.03
RIP,1790441593.218989,r1,0.03,16.46
RIP,1790441593.218989,r2,0.19,17.34
RIP,1790441593.218989,r3,0.24,16.94
RIP,1790441593.218989,r4,0.16,16.6
RIP,1790441593.218989,r5,0.15,16.55
OSPF,1790441877.484207,r1,0.21,17.69
OSPF,1790441877.484207,r2,0.26,17.8
OSPF,1790441877.484207,r3,0.2,17.5
OSPF,1790441877.484207,r4,0.08,18.08
OSPF,1790441877.484207,r5,0.03,18.46
OSPF,1790441889.590364,r1,0.03,17.66
OSPF,1790441889.590364,r2,0.09,17.8
OSPF,1790441889.590364,r3,0.09,17.46
OSPF,1790441889.590364,r4,0.05,18.12
OSPF,1790441889.590364,r5,0.11,18.59
OSPF,1790441902.045025,r1,0.05,17.64
OSPF,1790441902.045025,r2,0.03,17.82
OSPF,1790441902.045025,r3,0.06,17.41
OSPF,1790441902.045025,r4,0.03,18.11
OSPF,1790441902.045025,r5,0.02,18.96
OSPF,1790441914.200039,r1,0.02,18.09
OSPF,1790441914.200039,r2,0.02,17.82
OSPF,1790441914.200039,r3,0.02,17.83
OSPF,1790441914.200039,r4,0.02,18.17
OSPF,1790441914.200039,r5,0.78,18.92
OSPF,1790441926.334062,r1,0.02,18.07
OSPF,1790441926.334062,r2,0.03,17.82
OSPF,1790441926.334062,r3,0.02,18.04
OSPF,1790441926.334062,r4,0.04,18.19
OSPF,1790441926.334062,r5,0.02,18.94
OSPF,1790441938.4492,r1,0.26,18.04
OSPF,1790441938.4492,r2,0.16,17.82
OSPF,1790441938.4492,r3,0.14,18.0
OSPF,1790441938.4492,r4,0.25,18.17
OSPF,1790441938.4492,r5,0.19,18.93
OSPF,1790441950.777014,r1,0.03,18.27
OSPF,1790441950.777014,r2,0.02,20.21
OSPF,1790441950.777014,r3,0.05,17.75
OSPF,1790441950.777014,r4,0.02,18.14
OSPF,1790441950.777014,r5,0.02,18.48
OSPF,1790441962.905958,r1,0.31,18.0
OSPF,1790441962.905958,r2,0.45,20.21
OSPF,1790441962.905958,r3,0.55,17.67
OSPF,1790441962.905958,r4,0.03,17.91
OSPF,1790441962.905958,r5,0.57,18.45
OSPF,1790441975.031257,r1,0.04,18.14
OSPF,1790441975.031257,r2,0.07,20.21
OSPF,1790441975.031257,r3,0.04,17.67
OSPF,1790441975.031257,r4,0.02,18.38
OSPF,1790441975.031257,r5,0.02,18.68
BGP,1790442082.252703,r1,0.2,22.84
BGP,1790442082.252703,r2,0.19,22.66
BGP,1790442082.252703,r3,0.02,22.96
BGP,1790442082.252703,r4,0.03,22.97
BGP,1790442082.252703,r5,0.08,23.11
BGP,1790442094.401557,r1,0.05,23.07
BGP,1790442094.401557,r2,0.03,22.65
BGP,1790442094.401557,r3,0.14,22.91
BGP,1790442094.401557,r4,0.22,22.71
BGP,1790442094.401557,r5,0.1,23.59
BGP,1790442106.551897,r1,0.14,22.84
BGP,1790442106.551897,r2,0.37,22.59
BGP,1790442106.551897,r3,0.17,22.91
BGP,1790442106.551897,r4,0.16,22.97
BGP,1790442106.551897,r5,0.13,23.82
BGP,1790442118.727125,r1,0.03,22.82
BGP,1790442118.727125,r2,0.02,22.59
BGP,1790442118.727125,r3,0.02,22.91
BGP,1790442118.727125,r4,0.02,23.2
BGP,1790442118.727125,r5,0.02,23.85
BGP,1790442131.049995,r1,0.5,22.64
BGP,1790442131.049995,r2,0.33,22.6
BGP,1790442131.049995,r3,0.05,23.48
BGP,1790442131.049995,r4,0.02,24.21
BGP,1790442131.049995,r5,0.3,24.83
BGP,1790442143.243342,r1,0.02,22.87
BGP,1790442143.243342,r2,0.02,22.6
BGP,1790442143.243342,r3,0.02,23.45
BGP,1790442143.243342,r4,0.04,23.76
BGP,1790442143.243342,r5,0.05,24.82
BGP,1790442155.427649,r1,0.82,22.66
BGP,1790442155.427649,r2,0.47,22.6
BGP,1790442155.427649,r3,0.22,23.26
BGP,1790442155.427649,r4,0.25,23.74
BGP,1790442155.427649,r5,0.11,25.06
BGP,1790442167.633231,r1,0.02,22.63
BGP,1790442167.633231,r2,0.03,22.6
BGP,1790442167.633231,r3,0.03,23.26
BGP,1790442167.633231,r4,0.03,23.53
BGP,1790442167.633231,r5,1.25,24.81
BGP,1790442179.945689,r1,0.17,22.62
BGP,1790442179.945689,r2,0.13,22.6
BGP,1790442179.945689,r3,0.24,23.82
BGP,1790442179.945689,r4,0.21,22.59
BGP,1790442179.945689,r5,0.04,23.6
