protocolo,momento,roteador,total,aprendidas
RIP,antes,r1,15,11
RIP,antes,r2,15,11
RIP,antes,r3,15,11
RIP,antes,r4,15,11
RIP,antes,r5,15,11
RIP,depois,r1,15,11
RIP,depois,r2,15,11
RIP,depois,r3,15,11
RIP,depois,r4,15,11
RIP,depois,r5,15,11
OSPF,antes,r1,15,11
OSPF,antes,r2,15,11
OSPF,antes,r3,15,11
OSPF,antes,r4,15,11
OSPF,antes,r5,15,11
OSPF,depois,r1,15,11
OSPF,depois,r2,15,11
OSPF,depois,r3,15,11
OSPF,depois,r4,15,11
OSPF,depois,r5,15,11
BGP,antes,r1,12,8
BGP,antes,r2,12,8
BGP,antes,r3,12,8
BGP,antes,r4,12,8
BGP,antes,r5,12,8
BGP,depois,r1,10,6
BGP,depois,r2,10,6
BGP,depois,r3,12,8
BGP,depois,r4,12,8
BGP,depois,r5,12,8
