protocolo,par,min_ms,media_ms,max_ms,desvio_ms,perda_pct
RIP,h1-h4,44.187,46.871,50.008,1.781,0.0
RIP,h1-h3,21.365,23.291,25.773,1.197,0.0
RIP,h1-h5,0.159,0.301,0.761,0.132,0.0
RIP,h2-h4,0.158,0.289,0.595,0.098,0.0
OSPF,h1-h4,0.13,0.263,0.564,0.119,0.0
OSPF,h1-h3,21.241,23.677,25.161,1.084,0.0
OSPF,h1-h5,0.143,0.244,0.438,0.072,0.0
OSPF,h2-h4,0.163,0.255,0.511,0.077,0.0
BGP,h1-h4,0.187,0.301,0.495,0.085,0.0
BGP,h1-h3,22.098,23.745,25.089,1.042,0.0
BGP,h1-h5,0.126,0.338,1.777,0.352,0.0
BGP,h2-h4,0.126,0.464,2.939,0.602,0.0
